Fjord_ID,Fjord_Latitude,Fjord_Longitude,Glacier_ID,Glacier_Point_Latitude,Glacier_Point_Longitude,Fjord_Area_km2,Fjord_Mouth_Length_km,MaxDepth_m_Bedmachine_v5,MeanDepth_m_Bedmachine_v5,Depth_StdDev_m_Bedmachine_v5,FjordMouth1kmBuffer_MaxDepth_m_Bedmachine_v5,FjordMouth1kmBuffer_MeanDepth_m_Bedmachine_v5,FjordMouth1kmBuffer_Depth_StdDev_m_Bedmachine_v5,FjordMouth2kmBuffer_MaxDepth_m_Bedmachine_v5,FjordMouth2kmBuffer_MeanDepth_m_Bedmachine_v5,FjordMouth2kmBuffer_Depth_StdDev_m_Bedmachine_v5,Mankoff_Glacier_ID,Median,Fjord_Cumulative_Solid_Ice_Discharge_Gt_2015_2019,Fjord_Cumulative_Solid_Ice_Discharge_Error_Gt_2015_2019,Median,Fjord_Mean_Annual_Solid_Ice_Discharge_GtPerYr_2015_2019 updated,Fjord_Mean_Annual_Solid_Ice_Discharge_GtPerYr_2015_2019,Fjord_Mean_Annual_Solid_Ice_Discharge_Error_GtPerYr_2015_2019,Median,Fjord_Mean_Hydroyear_Discharge_GtPerYr Updated,Fjord_Mean_Hydroyear_Discharge_GtPerYr,Fjord_Mean_Hydroyear_Discharge_Error_GtPerYr,Median,Fjord_Mean_Winter_Discharge_GtPerYr updated,Fjord_Mean_Winter_Discharge_GtPerYr,Fjord_Mean_Winter_Discharge_Error_GtPerYr,Median,Fjord_Mean_Spring_Discharge_GtPerYr Updated,Fjord_Mean_Spring_Discharge_GtPerYr,Fjord_Mean_Spring_Discharge_Error_GtPerYr,Median,Fjord_Mean_Summer_Discharge_GtPerYr Updated,Fjord_Mean_Summer_Discharge_GtPerYr,Fjord_Mean_Summer_Discharge_Error_GtPerYr,Median ,Autumn Updated,Fjord_Mean_Autumn_Discharge_GtPerYr,Fjord_Mean_Autumn_Discharge_Error_GtPerYr,Median,Glacier_Cumulative_Solid_Ice_Discharge_Gt_2015_2019 Updated,Glacier_Cumulative_Solid_Ice_Discharge_Gt_2015_2019,Glacier_Cumulative_Solid_Ice_Discharge_Error_Gt_2015_2019,Median,Glacier_Mean_Annual_Solid_Ice_Discharge_GtPerYr_2015_2019 Updated,Glacier_Mean_Annual_Solid_Ice_Discharge_GtPerYr_2015_2019,Glacier_Mean_Annual_Solid_Ice_Discharge_Error_GtPerYr_2015_2019,Median,Hydroyear Updated,Glacier_Mean_Hydroyear_Discharge_GtPerYr,Glacier_Mean_Hydroyear_Discharge_Error_GtPerYr,Median,Winter Updated,Glacier_Mean_Winter_Discharge_GtPerYr,Glacier_Mean_Winter_Discharge_Error_GtPerYr,Median,Spring Update,Glacier_Mean_Spring_Discharge_GtPerYr,Glacier_Mean_Spring_Discharge_Error_GtPerYr,Median ,Summer Updated,Glacier_Mean_Summer_Discharge_GtPerYr,Glacier_Mean_Summer_Discharge_Error_GtPerYr,Median,Autumn Updated,Glacier_Mean_Autumn_Discharge_GtPerYr,Glacier_Mean_Autumn_Discharge_Error_GtPerYr,Cumulative_FWF_m3_MAR,AnnualMean_FWF_m3_MAR,Mean_Winter_FWF_m3_MAR,Mean_Spring_FWF_m3_MAR,Mean_Summer_FWF_m3_MAR,Mean_Autumn_FWF_m3_MAR
1,69.911,-22.817793,132,69.964707,-22.8832,200.49,26.8,176.1363,23.48918,37.38366,138.065,43.82877,33.80342,177.760406,48.206,41.35127,,29.99,29.99,,6.1025,6.1025,,,6.22,6.22,,,6.366,6.366,,,6.1785,6.1785,,,5.9795,5.9795,,,6.0615,6.0615,,,5.413,5.413,,,1.082,1.082,,,1.088,1.088,,,1.074,1.074,,,1.081,1.081,,,1.094,1.094,,,1.08,1.08,,,4.80E+09,9.60E+08,35521879,23810531,7.64E+08,1.36E+08
2,69.664454,-23.569006,,,,110.48,13.29,74.0143,15.49413,20.30655,82.23723,34.11205,22.83078,97.208046,35.17643,26.60455,,29.99,29.99,,6.1025,6.1025,,,6.22,6.22,,,6.366,6.366,,,6.1785,6.1785,,,5.9795,5.9795,,,6.0615,6.0615,,,5.413,5.413,,,1.082,1.082,,,1.088,1.088,,,1.074,1.074,,,1.081,1.081,,,1.094,1.094,,,1.08,1.08,,,1.12E+09,2.23E+08,29476147,25520402,1.23E+08,45126526
3,69.522478,-24.032489,133,69.598531,-24.0055,117.62,15.11,160.8124,52.87464,52.99648,127.4342,52.4689,40.26529,139.676437,53.10523,42.95232,,29.99,29.99,,6.1025,6.1025,,,6.22,6.22,,,6.366,6.366,,,6.1785,6.1785,,,5.9795,5.9795,,,6.0615,6.0615,,,5.413,5.413,,,1.082,1.082,,,1.088,1.088,,,1.074,1.074,,,1.081,1.081,,,1.094,1.094,,,1.08,1.08,,,1.34E+09,2.69E+08,25979267,28393500,1.71E+08,43488560
4,69.352949,-24.610384,,,,99.88,10.89,171.3218,38.75532,41.06229,161.4442,70.10807,43.02158,189.71875,69.5836,49.44102,,29.99,29.99,,6.1025,6.1025,,,6.22,6.22,,,6.366,6.366,,,6.1785,6.1785,,,5.9795,5.9795,,,6.0615,6.0615,,,5.413,5.413,,,1.082,1.082,,,1.088,1.088,,,1.074,1.074,,,1.081,1.081,,,1.094,1.094,,,1.08,1.08,,,7.80E+08,1.56E+08,13723213,17416286,1.01E+08,23788400
5,69.2432,-25.100802,135,69.234147,-25.4668,144.89,9.38,178.1754,66.9047,55.19263,164.8892,80.71493,53.36178,178.058243,80.41151,54.34453,166,29.99,2.58,0.331,6.1025,0.516,0.516,0.067,6.22,0.508,0.508,0.066,6.366,0.526,0.526,0.069,6.1785,0.53,0.53,0.068,5.9795,0.501,0.501,0.065,6.0615,0.499,0.499,0.065,5.413,0.22,0.22,0.066,1.082,0.044,0.044,0.014,1.088,0.043,0.043,0.013,1.074,0.047,0.047,0.015,1.081,0.045,0.045,0.014,1.094,0.041,0.041,0.012,1.08,0.041,0.041,0.013,2.08E+10,4.16E+09,63938369,1.11E+08,3.61E+09,3.85E+08
5,69.2432,-25.100802,134,69.306407,-25.1864,144.89,9.38,178.1754,66.9047,55.19263,164.8892,80.71493,53.36178,178.058243,80.41151,54.34453,164,32.61,2.58,0.331,6.731,0.516,0.516,0.067,6.718,0.508,0.508,0.066,6.791,0.526,0.526,0.069,7.015,0.53,0.53,0.068,6.587,0.501,0.501,0.065,6.51,0.499,0.499,0.065,5.4865,2.363,2.363,0.325,1.097,0.472,0.472,0.066,1.1,0.465,0.465,0.065,1.0995,0.479,0.479,0.067,1.089,0.484,0.484,0.067,1.098,0.46,0.46,0.064,1.0815,0.458,0.458,0.064,2.08E+10,4.16E+09,63938369,1.11E+08,3.61E+09,3.85E+08
6,69.090246,-25.242737,,,,42.96,8.97,21.04085,2.213401,4.631628,34.97931,11.08158,15.87547,50.567394,14.6491,17.58074,,32.61,32.61,,6.731,6.1025,,,6.718,6.22,,,6.791,6.366,,,7.015,6.1785,,,6.587,5.9795,,,6.51,6.0615,,,5.56,5.413,,,1.112,1.082,,,1.112,1.088,,,1.125,1.074,,,1.097,1.081,,,1.102,1.094,,,1.083,1.08,,,4.30E+08,85947314,8694996,9504617,51275403,16472299
7,69.023653,-25.536848,,,,94.45,8.71,141.6866,52.22987,47.30997,122.2787,52.84221,40.32557,140.438538,51.20129,41.79803,,32.61,32.61,,6.731,6.1025,,,6.718,6.22,,,6.791,6.366,,,7.015,6.1785,,,6.587,5.9795,,,6.51,6.0615,,,5.56,5.413,,,1.112,1.082,,,1.112,1.088,,,1.125,1.074,,,1.097,1.081,,,1.102,1.094,,,1.083,1.08,,,9.20E+08,1.84E+08,19720992,19493686,1.06E+08,38313480
8,68.863021,-25.971615,136,68.958346,-25.9685,180.61,39.59,115.4811,8.591544,24.83485,21.70246,2.832895,5.059976,34.907345,5.57389,7.606237,170,32.61,0.53,0.168,6.731,0.105,0.105,0.034,6.718,0.105,0.105,0.034,6.791,0.104,0.104,0.034,7.015,0.102,0.102,0.033,6.587,0.106,0.106,0.034,6.51,0.109,0.109,0.035,5.56,0.527,0.527,0.168,1.112,0.105,0.105,0.034,1.112,0.105,0.105,0.034,1.125,0.104,0.104,0.034,1.097,0.102,0.102,0.033,1.102,0.106,0.106,0.034,1.083,0.109,0.109,0.035,1.01E+10,2.01E+09,40807470,77387473,1.59E+09,3.01E+08
8,68.863021,-25.971615,138,68.812232,-26.3949,180.61,39.59,115.4811,8.591544,24.83485,21.70246,2.832895,5.059976,34.907345,5.57389,7.606237,,32.61,0.53,0.168,6.731,0.105,0.105,0.034,6.718,0.105,0.105,0.034,6.791,0.104,0.104,0.034,7.015,0.102,0.102,0.033,6.587,0.106,0.106,0.034,6.51,0.109,0.109,0.035,5.5655,5.413,,,1.113,1.082,,,1.116,1.088,,,1.13,1.074,,,1.1145,1.081,,,1.105,1.094,,,1.111,1.08,,,1.01E+10,2.01E+09,40807470,77387473,1.59E+09,3.01E+08
8,68.863021,-25.971615,137,68.875244,-26.1329,180.61,39.59,115.4811,8.591544,24.83485,21.70246,2.832895,5.059976,34.907345,5.57389,7.606237,,32.61,0.53,0.168,6.952,0.105,0.105,0.034,6.9705,0.105,0.105,0.034,6.981,0.104,0.104,0.034,7.096,0.102,0.102,0.033,6.7965,0.106,0.106,0.034,6.828,0.109,0.109,0.035,5.5655,5.413,,,1.113,1.082,,,1.116,1.088,,,1.13,1.074,,,1.1145,1.081,,,1.105,1.094,,,1.111,1.08,,,1.01E+10,2.01E+09,40807470,77387473,1.59E+09,3.01E+08
9,68.709491,-27.002066,139,68.790227,-27.0366,73.83,8.44,238.6369,27.48667,98.23142,136.3801,40.1776,39.33582,206.634018,45.02661,45.76194,,32.61,32.61,,7.173,6.1025,,,7.223,6.22,,,7.171,6.366,,,7.177,6.1785,,,7.006,5.9795,,,7.146,6.0615,,,5.5655,5.413,,,1.113,1.082,,,1.116,1.088,,,1.13,1.074,,,1.1145,1.081,,,1.105,1.094,,,1.111,1.08,,,9.23E+09,1.85E+09,27947434,85851960,1.50E+09,2.27E+08
10,68.609612,-27.257675,140,68.642316,-27.3944,45.28,7.44,217.6554,73.62613,64.24737,111.9633,49.42291,32.87875,164.803513,55.0316,40.03472,,32.61,32.61,,7.173,6.1025,,,7.223,6.22,,,7.171,6.366,,,7.177,6.1785,,,7.006,5.9795,,,7.146,6.0615,,,5.5655,5.413,,,1.113,1.082,,,1.116,1.088,,,1.13,1.074,,,1.1145,1.081,,,1.105,1.094,,,1.111,1.08,,,1.31E+09,2.63E+08,7573134,20333171,1.93E+08,41952461
11,68.560489,-27.588408,141,68.64591,-27.5289,92.57,12.22,163.3793,53.41243,51.79576,153.4947,58.60457,51.38078,163.379333,59.01179,52.48308,,32.61,32.61,,7.173,6.1025,,,7.223,6.22,,,7.171,6.366,,,7.177,6.1785,,,7.006,5.9795,,,7.146,6.0615,,,5.5655,5.413,,,1.113,1.082,,,1.116,1.088,,,1.13,1.074,,,1.1145,1.081,,,1.105,1.094,,,1.111,1.08,,,8.80E+08,1.76E+08,10616111,17594426,1.14E+08,33424469
12,68.551358,-27.994236,142,68.623748,-28.0809,75.95,7.9,184.9047,49.44215,56.76552,122.7429,47.91103,35.495,168.976212,47.47114,40.07913,181,32.61,1.59,0.323,7.173,0.319,0.319,0.067,7.223,0.326,0.326,0.069,7.171,0.379,0.379,0.082,7.177,0.325,0.325,0.067,7.006,0.286,0.286,0.059,7.146,0.302,0.302,0.063,5.5655,1.594,1.594,0.323,1.113,0.319,0.319,0.067,1.116,0.326,0.326,0.069,1.13,0.379,0.379,0.082,1.1145,0.325,0.325,0.067,1.105,0.286,0.286,0.059,1.111,0.302,0.302,0.063,7.01E+09,1.40E+09,22811025,43753913,1.19E+09,1.44E+08
13,68.416863,-28.593143,145,68.424712,-28.817,101.8,24.36,58.17772,4.044753,12.55145,46.00691,13.06705,13.97971,65.605469,16.22244,16.75431,185,33.14,2.8,0.313,7.173,0.559,0.559,0.063,7.223,0.556,0.556,0.063,7.171,0.577,0.577,0.067,7.177,0.581,0.581,0.065,7.006,0.533,0.533,0.059,7.146,0.543,0.543,0.062,5.571,0.672,0.672,0.168,1.114,0.134,0.134,0.034,1.12,0.134,0.134,0.034,1.135,0.142,0.142,0.036,1.132,0.139,0.139,0.035,1.108,0.121,0.121,0.031,1.139,0.135,0.135,0.034,9.85E+09,1.97E+09,35205892,73983269,1.59E+09,2.69E+08
13,68.416863,-28.593143,144,68.448803,-28.6609,101.8,24.36,58.17772,4.044753,12.55145,46.00691,13.06705,13.97971,65.605469,16.22244,16.75431,183,33.67,2.8,0.313,7.173,0.559,0.559,0.063,7.223,0.556,0.556,0.063,7.171,0.577,0.577,0.067,7.177,0.581,0.581,0.065,7.006,0.533,0.533,0.059,7.146,0.543,0.543,0.062,5.6395,2.126,2.126,0.263,1.1275,0.425,0.425,0.053,1.135,0.422,0.422,0.053,1.149,0.436,0.436,0.056,1.1355,0.442,0.442,0.054,1.1195,0.412,0.412,0.051,1.1425,0.408,0.408,0.051,9.85E+09,1.97E+09,35205892,73983269,1.59E+09,2.69E+08
13,68.416863,-28.593143,143,68.490506,-28.4793,101.8,24.36,58.17772,4.044753,12.55145,46.00691,13.06705,13.97971,65.605469,16.22244,16.75431,,33.67,2.8,0.313,7.173,0.559,0.559,0.063,7.223,0.556,0.556,0.063,7.171,0.577,0.577,0.067,7.177,0.581,0.581,0.065,7.006,0.533,0.533,0.059,7.146,0.543,0.543,0.062,5.708,5.413,,,1.141,1.082,,,1.15,1.088,,,1.163,1.074,,,1.139,1.081,,,1.131,1.094,,,1.146,1.08,,,9.85E+09,1.97E+09,35205892,73983269,1.59E+09,2.69E+08
14,68.379753,-29.110077,146,68.464545,-29.2442,80.46,9.31,199.6132,57.83828,54.05903,106.1575,36.46138,28.25134,148.691299,38.85908,32.61871,186,33.67,0.15,0.024,7.173,0.03,0.03,0.005,7.223,0.029,0.029,0.005,7.171,0.034,0.034,0.006,7.177,0.031,0.031,0.005,7.006,0.025,0.025,0.004,7.146,0.028,0.028,0.005,5.708,0.15,0.15,0.024,1.141,0.03,0.03,0.005,1.15,0.029,0.029,0.005,1.163,0.034,0.034,0.006,1.139,0.031,0.031,0.005,1.131,0.025,0.025,0.004,1.146,0.028,0.028,0.005,2.51E+09,5.01E+08,13822227,33097962,3.65E+08,89210790
15,68.292505,-29.889452,147,68.382224,-30.1216,374.75,24.35,484.525,170.7916,138.1149,489.84,124.178,171.9518,490.239624,134.1381,172.599,187_189,34.91,19.31,1.058,7.1995,3.859,3.859,0.213,7.2455,3.831,3.831,0.212,7.171,3.805,3.805,0.208,7.177,3.908,3.908,0.218,7.1795,3.975,3.975,0.22,7.206,3.729,3.729,0.205,6.3765,19.306,19.306,1.058,1.2745,3.859,3.859,0.213,1.282,3.831,3.831,0.212,1.3015,3.805,3.805,0.208,1.2555,3.908,3.908,0.218,1.2635,3.975,3.975,0.22,1.2,3.729,3.729,0.205,2.44E+10,4.88E+09,66874879,1.58E+08,4.16E+09,4.93E+08
16,68.225203,-30.569051,148,68.310503,-30.8284,127.23,4.38,270.9737,84.22756,70.14612,137.6029,21.80636,33.48487,267.752197,35.83013,61.0298,193,36.15,0.91,0.144,7.226,0.182,0.182,0.029,7.268,0.181,0.181,0.029,7.171,0.184,0.184,0.03,7.177,0.189,0.189,0.03,7.353,0.18,0.18,0.029,7.266,0.175,0.175,0.028,5.708,0.912,0.912,0.144,1.141,0.182,0.182,0.029,1.15,0.181,0.181,0.029,1.163,0.184,0.184,0.03,1.139,0.189,0.189,0.03,1.131,0.18,0.18,0.029,1.146,0.175,0.175,0.028,2.72E+09,5.44E+08,23148248,35912599,3.77E+08,1.08E+08
17,68.144297,-31.005601,,,,57.92,6.64,197.2703,46.43146,52.75335,61.32518,13.89402,16.79247,191.04689,29.67726,31.729,,36.15,36.15,,7.226,6.1025,,,7.268,6.22,,,7.3365,6.366,,,7.2715,6.1785,,,7.353,5.9795,,,7.266,6.0615,,,6.3765,5.413,,,1.2745,1.082,,,1.282,1.088,,,1.3015,1.074,,,1.2555,1.081,,,1.2635,1.094,,,1.2,1.08,,,1.07E+09,2.14E+08,17715937,17761111,1.31E+08,47337834
18,68.32793,-32.205442,150,68.515146,-32.1974,879.93,18.26,962.0927,452.3745,308.0791,886.5626,413.7238,253.6528,898.957947,397.8163,257.4654,191,36.15,140.91,6.12,7.226,28.167,28.167,1.236,7.268,28.333,28.333,1.242,7.3365,28.467,28.467,1.251,7.2715,28.12,28.12,1.231,7.353,28.056,28.056,1.231,7.266,28.225,28.225,1.242,6.3765,0.1,0.1,0.034,1.2745,0.02,0.02,0.007,1.282,0.02,0.02,0.007,1.3015,0.025,0.025,0.01,1.2555,0.021,0.021,0.007,1.2635,0.019,0.019,0.007,1.2,0.016,0.016,0.006,4.24E+10,8.48E+09,1.30E+08,3.37E+08,7.10E+09,9.12E+08
18,68.32793,-32.205442,151,68.62989,-32.4346,879.93,18.26,962.0927,452.3745,308.0791,886.5626,413.7238,253.6528,898.957947,397.8163,257.4654,188,36.15,140.91,6.12,7.226,28.167,28.167,1.236,7.268,28.333,28.333,1.242,7.171,28.467,28.467,1.251,7.177,28.12,28.12,1.231,7.353,28.056,28.056,1.231,7.266,28.225,28.225,1.242,7.045,0.152,0.152,0.038,1.408,0.03,0.03,0.008,1.414,0.03,0.03,0.008,1.44,0.033,0.033,0.008,1.372,0.034,0.034,0.009,1.396,0.026,0.026,0.007,1.254,0.029,0.029,0.008,4.24E+10,8.48E+09,1.30E+08,3.37E+08,7.10E+09,9.12E+08
18,68.32793,-32.205442,154,68.111908,-32.1064,879.93,18.26,962.0927,452.3745,308.0791,886.5626,413.7238,253.6528,898.957947,397.8163,257.4654,202,34.91,140.91,6.12,7.1995,28.167,28.167,1.236,7.2455,28.333,28.333,1.242,7.171,28.467,28.467,1.251,7.177,28.12,28.12,1.231,7.1795,28.056,28.056,1.231,7.206,28.225,28.225,1.242,7.1405,0.08,0.08,0.03,1.427,0.016,0.016,0.006,1.4205,0.015,0.015,0.006,1.4485,0.014,0.014,0.005,1.39,0.019,0.019,0.007,1.401,0.017,0.017,0.007,1.3255,0.012,0.012,0.005,4.24E+10,8.48E+09,1.30E+08,3.37E+08,7.10E+09,9.12E+08
18,68.32793,-32.205442,802,68.188079,-32.4854,879.93,18.26,962.0927,452.3745,308.0791,886.5626,413.7238,253.6528,898.957947,397.8163,257.4654,200,33.67,140.91,6.12,7.173,28.167,28.167,1.236,7.223,28.333,28.333,1.242,7.171,28.467,28.467,1.251,7.177,28.12,28.12,1.231,7.006,28.056,28.056,1.231,7.146,28.225,28.225,1.242,7.236,0.343,0.343,0.11,1.446,0.068,0.068,0.022,1.427,0.067,0.067,0.022,1.457,0.067,0.067,0.021,1.408,0.077,0.077,0.025,1.406,0.069,0.069,0.022,1.397,0.06,0.06,0.02,4.24E+10,8.48E+09,1.30E+08,3.37E+08,7.10E+09,9.12E+08
18,68.32793,-32.205442,801,68.542446,-32.8459,879.93,18.26,962.0927,452.3745,308.0791,886.5626,413.7238,253.6528,898.957947,397.8163,257.4654,194,33.67,140.91,6.12,7.173,28.167,28.167,1.236,7.223,28.333,28.333,1.242,7.171,28.467,28.467,1.251,7.177,28.12,28.12,1.231,7.006,28.056,28.056,1.231,7.146,28.225,28.225,1.242,7.285,0.943,0.943,0.336,1.456,0.188,0.188,0.068,1.472,0.185,0.185,0.067,1.4685,0.189,0.189,0.068,1.522,0.206,0.206,0.074,1.4545,0.186,0.186,0.067,1.476,0.169,0.169,0.061,4.24E+10,8.48E+09,1.30E+08,3.37E+08,7.10E+09,9.12E+08
18,68.32793,-32.205442,149,68.28051,-31.514,879.93,18.26,962.0927,452.3745,308.0791,886.5626,413.7238,253.6528,898.957947,397.8163,257.4654,197,33.67,140.91,6.12,7.173,28.167,28.167,1.236,7.223,28.333,28.333,1.242,7.171,28.467,28.467,1.251,7.177,28.12,28.12,1.231,7.006,28.056,28.056,1.231,7.146,28.225,28.225,1.242,7.334,1.123,1.123,0.511,1.466,0.224,0.224,0.103,1.517,0.225,0.225,0.103,1.48,0.222,0.222,0.102,1.636,0.231,0.231,0.106,1.503,0.225,0.225,0.103,1.555,0.221,0.221,0.101,4.24E+10,8.48E+09,1.30E+08,3.37E+08,7.10E+09,9.12E+08
18,68.32793,-32.205442,800,68.556124,-32.9089,879.93,18.26,962.0927,452.3745,308.0791,886.5626,413.7238,253.6528,898.957947,397.8163,257.4654,192,33.14,140.91,6.12,7.173,28.167,28.167,1.236,7.223,28.333,28.333,1.242,7.171,28.467,28.467,1.251,7.177,28.12,28.12,1.231,7.006,28.056,28.056,1.231,7.146,28.225,28.225,1.242,7.7625,3.836,3.836,0.112,1.5515,0.767,0.767,0.023,1.5755,0.77,0.77,0.023,1.5545,0.783,0.783,0.023,1.645,0.786,0.786,0.023,1.5815,0.751,0.751,0.022,1.582,0.749,0.749,0.022,4.24E+10,8.48E+09,1.30E+08,3.37E+08,7.10E+09,9.12E+08
18,68.32793,-32.205442,153,68.616567,-32.9673,879.93,18.26,962.0927,452.3745,308.0791,886.5626,413.7238,253.6528,898.957947,397.8163,257.4654,190,32.61,140.91,6.12,7.173,28.167,28.167,1.236,7.223,28.333,28.333,1.242,7.171,28.467,28.467,1.251,7.177,28.12,28.12,1.231,7.006,28.056,28.056,1.231,7.146,28.225,28.225,1.242,8.191,134.332,134.332,6.086,1.637,26.853,26.853,1.229,1.634,27.02,27.02,1.236,1.629,27.134,27.134,1.244,1.654,26.746,26.746,1.224,1.66,26.763,26.763,1.224,1.609,26.969,26.969,1.236,4.24E+10,8.48E+09,1.30E+08,3.37E+08,7.10E+09,9.12E+08
18,68.32793,-32.205442,152,68.639405,-32.601,879.93,18.26,962.0927,452.3745,308.0791,886.5626,413.7238,253.6528,898.957947,397.8163,257.4654,,32.61,140.91,6.12,6.952,28.167,28.167,1.236,6.9705,28.333,28.333,1.242,6.981,28.467,28.467,1.251,7.096,28.12,28.12,1.231,6.7965,28.056,28.056,1.231,6.828,28.225,28.225,1.242,7.7625,5.413,,,1.5515,1.082,,,1.5755,1.088,,,1.5545,1.074,,,1.645,1.081,,,1.5815,1.094,,,1.582,1.08,,,4.24E+10,8.48E+09,1.30E+08,3.37E+08,7.10E+09,9.12E+08
19,67.821499,-32.461298,156,67.847645,-32.6348,190.15,26.69,436.6381,125.7101,133.2978,436.878,84.46511,130.4733,436.878021,81.65103,127.1155,205,32.61,9.31,0.516,6.731,1.86,1.86,0.104,6.718,1.859,1.859,0.104,6.791,1.856,1.856,0.103,7.015,1.856,1.856,0.104,6.587,1.903,1.903,0.106,6.51,1.835,1.835,0.104,7.7625,1.114,1.114,0.246,1.5515,0.223,0.223,0.05,1.5755,0.225,0.225,0.051,1.5545,0.227,0.227,0.051,1.645,0.22,0.22,0.05,1.5815,0.221,0.221,0.05,1.582,0.226,0.226,0.051,1.37E+10,2.73E+09,20583048,1.06E+08,2.18E+09,4.25E+08
19,67.821499,-32.461298,155,67.88491,-32.4806,190.15,26.69,436.6381,125.7101,133.2978,436.878,84.46511,130.4733,436.878021,81.65103,127.1155,203_204,32.61,9.31,0.516,6.952,1.86,1.86,0.104,6.9705,1.859,1.859,0.104,6.981,1.856,1.856,0.103,7.096,1.856,1.856,0.104,6.7965,1.903,1.903,0.106,6.828,1.835,1.835,0.104,8.191,8.191,8.191,0.451,1.637,1.637,1.637,0.091,1.634,1.634,1.634,0.091,1.629,1.629,1.629,0.09,1.654,1.636,1.636,0.091,1.66,1.682,1.682,0.094,1.609,1.609,1.609,0.09,1.37E+10,2.73E+09,20583048,1.06E+08,2.18E+09,4.25E+08
19,67.821499,-32.461298,157,67.769821,-32.748,190.15,26.69,436.6381,125.7101,133.2978,436.878,84.46511,130.4733,436.878021,81.65103,127.1155,,32.61,9.31,0.516,7.173,1.86,1.86,0.104,7.223,1.859,1.859,0.104,7.171,1.856,1.856,0.103,7.177,1.856,1.856,0.104,7.006,1.903,1.903,0.106,7.146,1.835,1.835,0.104,7.8405,5.413,,,1.567,1.082,,,1.5915,1.088,,,1.593,1.074,,,1.661,1.081,,,1.5815,1.094,,,1.5945,1.08,,,1.37E+10,2.73E+09,20583048,1.06E+08,2.18E+09,4.25E+08
20,67.664176,-33.181368,158,67.762935,-33.37,128.03,18.99,585.6863,93.4833,121.9842,594.9694,301.026,169.4036,634.017578,322.2508,192.3972,206_207_208,33.14,15.61,1.624,7.173,3.12,3.12,0.327,7.223,3.121,3.121,0.327,7.171,3.14,3.14,0.333,7.177,3.152,3.152,0.33,7.006,3.14,3.14,0.327,7.146,3.06,3.06,0.32,7.8405,5.571,5.571,1.444,1.567,1.114,1.114,0.291,1.5915,1.112,1.112,0.291,1.593,1.135,1.135,0.298,1.661,1.132,1.132,0.294,1.5815,1.108,1.108,0.29,1.5945,1.083,1.083,0.284,1.33E+10,2.67E+09,30863941,1.10E+08,2.14E+09,3.82E+08
20,67.664176,-33.181368,159,67.622887,-33.3839,128.03,18.99,585.6863,93.4833,121.9842,594.9694,301.026,169.4036,634.017578,322.2508,192.3972,209,33.67,15.61,1.624,7.173,3.12,3.12,0.327,7.223,3.121,3.121,0.327,7.171,3.14,3.14,0.333,7.177,3.152,3.152,0.33,7.006,3.14,3.14,0.327,7.146,3.06,3.06,0.32,8.347,10.037,10.037,0.738,1.668,2.006,2.006,0.149,1.666,2.009,2.009,0.149,1.706,2.006,2.006,0.149,1.668,2.019,2.019,0.149,1.66,2.032,2.032,0.151,1.634,1.977,1.977,0.147,1.33E+10,2.67E+09,30863941,1.10E+08,2.14E+09,3.82E+08
21,67.478084,-33.370964,161,67.431103,-33.614,102.82,16.69,670.2293,184.3987,175.3505,671.1473,354.3333,193.7887,671.147339,350.5918,217.1583,211,33.67,62.75,2.445,7.173,12.543,12.543,0.493,7.223,12.621,12.621,0.496,7.171,12.746,12.746,0.5,7.177,12.476,12.476,0.488,7.006,12.546,12.546,0.494,7.146,12.513,12.513,0.494,7.8405,25.094,25.094,1.49,1.567,5.016,5.016,0.301,1.5915,5.078,5.078,0.305,1.593,5.167,5.167,0.311,1.661,4.953,4.953,0.296,1.5815,4.952,4.952,0.297,1.5945,5.061,5.061,0.305,5.75E+09,1.15E+09,16182159,56338437,8.80E+08,1.98E+08
21,67.478084,-33.370964,160,67.57681,-33.4582,102.82,16.69,670.2293,184.3987,175.3505,671.1473,354.3333,193.7887,671.147339,350.5918,217.1583,210,33.67,62.75,2.445,7.173,12.543,12.543,0.493,7.223,12.621,12.621,0.496,7.171,12.746,12.746,0.5,7.177,12.476,12.476,0.488,7.006,12.546,12.546,0.494,7.146,12.513,12.513,0.494,7.334,37.653,37.653,1.935,1.466,7.527,7.527,0.39,1.517,7.543,7.543,0.391,1.48,7.579,7.579,0.391,1.654,7.522,7.522,0.388,1.503,7.594,7.594,0.395,1.555,7.452,7.452,0.388,5.75E+09,1.15E+09,16182159,56338437,8.80E+08,1.98E+08
22,67.272255,-33.493729,162,67.226098,-33.7733,168.62,17.26,491.6836,79.44147,129.8582,494.5621,118.8338,155.0041,495.530365,123.0599,154.0138,212,33.14,3.97,0.193,7.173,0.794,0.794,0.039,7.223,0.797,0.797,0.039,7.171,0.775,0.775,0.037,7.177,0.795,0.795,0.039,7.006,0.807,0.807,0.04,7.146,0.798,0.798,0.039,7.285,3.97,3.97,0.193,1.456,0.794,0.794,0.039,1.472,0.797,0.797,0.039,1.4685,0.775,0.775,0.037,1.531,0.795,0.795,0.039,1.4545,0.807,0.807,0.04,1.476,0.798,0.798,0.039,1.28E+10,2.57E+09,44696593,80407153,1.99E+09,4.54E+08
23,66.959798,-33.800912,,,,348.06,49,143.6222,4.07598,16.21109,224.5908,25.95293,41.80099,404.481415,35.74585,54.53546,,33.67,33.67,,7.173,6.1025,,,7.223,6.22,,,7.171,6.366,,,7.177,6.1785,,,7.006,5.9795,,,7.146,6.0615,,,7.334,5.413,,,1.466,1.082,,,1.517,1.088,,,1.48,1.074,,,1.654,1.081,,,1.503,1.094,,,1.555,1.08,,,7.46E+09,1.49E+09,47986714,74381343,1.08E+09,2.89E+08
24,66.621574,-34.418536,803,66.74568,-34.4751,121.99,9.1,567.0587,223.8455,174.9149,467.1453,196.8914,140.3052,468.369995,209.4688,139.8581,218,33.67,7.28,2.278,7.173,1.456,1.456,0.459,7.223,1.461,1.461,0.461,7.171,1.488,1.488,0.47,7.177,1.456,1.456,0.459,7.006,1.443,1.443,0.455,7.146,1.443,1.443,0.455,7.334,0.238,0.238,0.082,1.466,0.048,0.048,0.017,1.517,0.047,0.047,0.017,1.48,0.048,0.048,0.017,1.654,0.048,0.048,0.017,1.503,0.048,0.048,0.017,1.555,0.046,0.046,0.016,1.66E+10,3.32E+09,50997408,1.12E+08,2.78E+09,3.71E+08
24,66.621574,-34.418536,210,66.702,-34.305,121.99,9.1,567.0587,223.8455,174.9149,467.1453,196.8914,140.3052,468.369995,209.4688,139.8581,223_216,33.67,7.28,2.278,7.173,1.456,1.456,0.459,7.223,1.461,1.461,0.461,7.171,1.488,1.488,0.47,7.177,1.456,1.456,0.459,7.006,1.443,1.443,0.455,7.146,1.443,1.443,0.455,7.8405,7.045,7.045,2.277,1.567,1.408,1.408,0.459,1.5915,1.414,1.414,0.461,1.593,1.44,1.44,0.469,1.661,1.408,1.408,0.459,1.5815,1.396,1.396,0.454,1.5945,1.397,1.397,0.455,1.66E+10,3.32E+09,50997408,1.12E+08,2.78E+09,3.71E+08
24,66.621574,-34.418536,163,66.622645,-34.5777,121.99,9.1,567.0587,223.8455,174.9149,467.1453,196.8914,140.3052,468.369995,209.4688,139.8581,,33.67,7.28,2.278,7.173,1.456,1.456,0.459,7.223,1.461,1.461,0.461,7.171,1.488,1.488,0.47,7.177,1.456,1.456,0.459,7.006,1.443,1.443,0.455,7.146,1.443,1.443,0.455,8.347,5.413,,,1.668,1.082,,,1.666,1.088,,,1.706,1.074,,,1.668,1.081,,,1.66,1.094,,,1.634,1.08,,,1.66E+10,3.32E+09,50997408,1.12E+08,2.78E+09,3.71E+08
24,66.621574,-34.418536,164,66.574644,-34.5771,121.99,9.1,567.0587,223.8455,174.9149,467.1453,196.8914,140.3052,468.369995,209.4688,139.8581,,34.91,7.28,2.278,7.1995,1.456,1.456,0.459,7.2455,1.461,1.461,0.461,7.171,1.488,1.488,0.47,7.177,1.456,1.456,0.459,7.1795,1.443,1.443,0.455,7.206,1.443,1.443,0.455,8.347,5.413,,,1.668,1.082,,,1.666,1.088,,,1.706,1.074,,,1.668,1.081,,,1.66,1.094,,,1.634,1.08,,,1.66E+10,3.32E+09,50997408,1.12E+08,2.78E+09,3.71E+08
25,66.461892,-34.598819,166,66.481089,-34.699,66.21,12.7,467.0356,144.2377,108.2557,360.8279,184.9422,81.48618,360.827881,171.9503,83.05661,225,36.15,27.38,0.872,7.226,5.474,5.474,0.179,7.268,5.722,5.722,0.188,7.171,5.941,5.941,0.198,7.177,5.342,5.342,0.174,7.353,5.372,5.372,0.174,7.266,5.613,5.613,0.184,8.347,0.487,0.487,0.189,1.668,0.097,0.097,0.038,1.666,0.099,0.099,0.039,1.706,0.099,0.099,0.039,1.668,0.098,0.098,0.038,1.66,0.096,0.096,0.038,1.634,0.098,0.098,0.038,1.36E+10,2.72E+09,26280659,87855337,2.33E+09,2.81E+08
25,66.461892,-34.598819,165,66.508454,-34.5217,66.21,12.7,467.0356,144.2377,108.2557,360.8279,184.9422,81.48618,360.827881,171.9503,83.05661,224,36.15,27.38,0.872,7.226,5.474,5.474,0.179,7.268,5.722,5.722,0.188,7.3365,5.941,5.941,0.198,7.2715,5.342,5.342,0.174,7.353,5.372,5.372,0.174,7.266,5.613,5.613,0.184,8.443,26.894,26.894,0.851,1.6875,5.376,5.376,0.175,1.6855,5.623,5.623,0.184,1.7165,5.842,5.842,0.194,1.7335,5.244,5.244,0.169,1.663,5.276,5.276,0.17,1.641,5.515,5.515,0.18,1.36E+10,2.72E+09,26280659,87855337,2.33E+09,2.81E+08
26,66.334414,-34.910091,167,66.37795,-34.8889,21.19,4.5,124.6893,7.221035,23.39068,79.90375,7.566188,17.59165,179.315521,32.044,46.71548,,36.15,36.15,,7.226,6.1025,,,7.268,6.22,,,7.502,6.366,,,7.366,6.1785,,,7.353,5.9795,,,7.266,6.0615,,,8.347,5.413,,,1.668,1.082,,,1.666,1.088,,,1.706,1.074,,,1.668,1.081,,,1.66,1.094,,,1.634,1.08,,,1.42E+09,2.83E+08,10142587,17001933,2.06E+08,50484993
27,66.334399,-35.159251,168,66.378546,-35.2808,69.91,4.11,287.8087,82.30619,75.94723,195.2162,41.17645,45.84186,287.808655,72.96244,73.95421,226,36.15,0.46,0.162,7.226,0.093,0.093,0.033,7.268,0.094,0.094,0.034,7.502,0.102,0.102,0.036,7.366,0.096,0.096,0.034,7.353,0.078,0.078,0.028,7.266,0.095,0.095,0.034,8.347,0.464,0.464,0.162,1.668,0.093,0.093,0.033,1.666,0.094,0.094,0.034,1.706,0.102,0.102,0.036,1.668,0.096,0.096,0.034,1.66,0.078,0.078,0.028,1.634,0.095,0.095,0.034,1.50E+09,3.01E+08,20054315,33032735,1.89E+08,58833674
28,66.307724,-35.627106,169,66.444539,-35.9572,218.55,16.06,612.735,180.2051,184.0736,617.2323,138.817,191.7461,622.868958,156.0701,196.9498,227,36.15,1.46,0.587,7.226,0.292,0.292,0.123,7.268,0.31,0.31,0.132,7.502,0.322,0.322,0.138,7.366,0.304,0.304,0.126,7.353,0.271,0.271,0.113,7.266,0.291,0.291,0.125,8.443,1.46,1.46,0.587,1.6875,0.292,0.292,0.123,1.6855,0.31,0.31,0.132,1.7165,0.322,0.322,0.138,1.7335,0.304,0.304,0.126,1.663,0.271,0.271,0.113,1.641,0.291,0.291,0.125,9.52E+09,1.90E+09,52424417,1.12E+08,1.52E+09,2.25E+08
29,65.797054,-36.952589,172,66.094455,-36.6867,1134.25,70.77,583.63,115.7044,152.7347,574.2802,102.9085,171.8451,574.280212,102.0116,170.8704,,36.15,36.15,,7.226,6.1025,,,7.268,6.22,,,7.502,6.366,,,7.366,6.1785,,,7.353,5.9795,,,7.266,6.0615,,,8.539,5.413,,,1.707,1.082,,,1.705,1.088,,,1.727,1.074,,,1.799,1.081,,,1.666,1.094,,,1.648,1.08,,,1.63E+10,3.26E+09,2.14E+08,3.40E+08,2.12E+09,5.88E+08
29,65.797054,-36.952589,171,66.087727,-36.5424,1134.25,70.77,583.63,115.7044,152.7347,574.2802,102.9085,171.8451,574.280212,102.0116,170.8704,,36.15,36.15,,7.226,6.1025,,,7.268,6.22,,,7.502,6.366,,,7.366,6.1785,,,7.353,5.9795,,,7.266,6.0615,,,8.539,5.413,,,1.707,1.082,,,1.705,1.088,,,1.727,1.074,,,1.799,1.081,,,1.666,1.094,,,1.648,1.08,,,1.63E+10,3.26E+09,2.14E+08,3.40E+08,2.12E+09,5.88E+08
29,65.797054,-36.952589,170,66.088739,-36.3135,1134.25,70.77,583.63,115.7044,152.7347,574.2802,102.9085,171.8451,574.280212,102.0116,170.8704,,36.15,36.15,,7.226,6.1025,,,7.268,6.22,,,7.502,6.366,,,7.366,6.1785,,,7.353,5.9795,,,7.266,6.0615,,,8.539,5.413,,,1.707,1.082,,,1.705,1.088,,,1.727,1.074,,,1.799,1.081,,,1.666,1.094,,,1.648,1.08,,,1.63E+10,3.26E+09,2.14E+08,3.40E+08,2.12E+09,5.88E+08
30,66.083043,-37.764495,173,66.508519,-36.7528,1424.32,10.8,922.3846,386.7019,281.6555,921.9622,413.9056,338.9262,922.018311,408.7922,342.5226,228,36.15,172.39,9.88,7.226,34.46,34.46,1.996,7.268,34.917,34.917,2.025,7.502,34.372,34.372,1.996,7.366,33.761,33.761,1.94,7.353,34.43,34.43,1.996,7.266,35.575,35.575,2.071,8.539,10.479,10.479,1.395,1.707,2.095,2.095,0.283,1.705,2.07,2.07,0.28,1.727,2.147,2.147,0.287,1.799,2.242,2.242,0.298,1.666,1.967,1.967,0.273,1.648,1.996,1.996,0.27,6.23E+10,1.25E+10,2.15E+08,7.73E+08,1.03E+10,1.21E+09
30,66.083043,-37.764495,174,66.371209,-37.5604,1424.32,10.8,922.3846,386.7019,281.6555,921.9622,413.9056,338.9262,922.018311,408.7922,342.5226,230,36.15,172.39,9.88,7.226,34.46,34.46,1.996,7.268,34.917,34.917,2.025,7.502,34.372,34.372,1.996,7.366,33.761,33.761,1.94,7.353,34.43,34.43,1.996,7.266,35.575,35.575,2.071,8.443,15.465,15.465,1.149,1.6875,3.092,3.092,0.237,1.6855,3.207,3.207,0.248,1.7165,3.197,3.197,0.247,1.7335,3.04,3.04,0.231,1.663,3.1,3.1,0.24,1.641,3.171,3.171,0.245,6.23E+10,1.25E+10,2.15E+08,7.73E+08,1.03E+10,1.21E+09
30,66.083043,-37.764495,175,66.364882,-38.2241,1424.32,10.8,922.3846,386.7019,281.6555,921.9622,413.9056,338.9262,922.018311,408.7922,342.5226,231,36.15,172.39,9.88,7.226,34.46,34.46,1.996,7.268,34.917,34.917,2.025,7.502,34.372,34.372,1.996,7.366,33.761,33.761,1.94,7.353,34.43,34.43,1.996,7.266,35.575,35.575,2.071,8.347,146.442,146.442,9.708,1.668,29.274,29.274,1.961,1.666,29.64,29.64,1.991,1.706,29.028,29.028,1.96,1.668,28.478,28.478,1.902,1.66,29.362,29.362,1.962,1.634,30.409,30.409,2.038,6.23E+10,1.25E+10,2.15E+08,7.73E+08,1.03E+10,1.21E+09
31,65.515601,-39.501039,176,65.704539,-39.6719,894.19,45.13,1020.728,279.715,259.8358,579.2424,152.8403,177.0871,588.077454,157.2059,178.9951,238,36.15,98.27,4.005,7.226,19.644,19.644,0.807,7.268,19.676,19.676,0.808,7.3365,19.768,19.768,0.809,7.2715,19.478,19.478,0.8,7.353,19.653,19.653,0.815,7.266,19.715,19.715,0.806,7.8405,39.382,39.382,3.017,1.567,7.872,7.872,0.608,1.5915,7.908,7.908,0.611,1.593,7.935,7.935,0.609,1.661,7.845,7.845,0.604,1.5815,7.913,7.913,0.619,1.5945,7.837,7.837,0.604,2.08E+10,4.16E+09,58629440,2.37E+08,3.39E+09,4.74E+08
31,65.515601,-39.501039,179,65.566468,-40.0065,894.19,45.13,1020.728,279.715,259.8358,579.2424,152.8403,177.0871,588.077454,157.2059,178.9951,239,36.15,98.27,4.005,7.226,19.644,19.644,0.807,7.268,19.676,19.676,0.808,7.171,19.768,19.768,0.809,7.177,19.478,19.478,0.8,7.353,19.653,19.653,0.815,7.266,19.715,19.715,0.806,7.334,58.892,58.892,2.629,1.466,11.772,11.772,0.53,1.517,11.768,11.768,0.529,1.48,11.833,11.833,0.533,1.654,11.633,11.633,0.525,1.503,11.741,11.741,0.529,1.555,11.878,11.878,0.533,2.08E+10,4.16E+09,58629440,2.37E+08,3.39E+09,4.74E+08
31,65.515601,-39.501039,180,65.528074,-40.1932,894.19,45.13,1020.728,279.715,259.8358,579.2424,152.8403,177.0871,588.077454,157.2059,178.9951,,34.91,98.27,4.005,7.1995,19.644,19.644,0.807,7.2455,19.676,19.676,0.808,7.171,19.768,19.768,0.809,7.177,19.478,19.478,0.8,7.1795,19.653,19.653,0.815,7.206,19.715,19.715,0.806,7.285,5.413,,,1.456,1.082,,,1.472,1.088,,,1.4685,1.074,,,1.513,1.081,,,1.4545,1.094,,,1.4045,1.08,,,2.08E+10,4.16E+09,58629440,2.37E+08,3.39E+09,4.74E+08
31,65.515601,-39.501039,178,65.600121,-39.9412,894.19,45.13,1020.728,279.715,259.8358,579.2424,152.8403,177.0871,588.077454,157.2059,178.9951,,33.67,98.27,4.005,7.173,19.644,19.644,0.807,7.223,19.676,19.676,0.808,7.171,19.768,19.768,0.809,7.177,19.478,19.478,0.8,7.006,19.653,19.653,0.815,7.146,19.715,19.715,0.806,7.285,5.413,,,1.456,1.082,,,1.472,1.088,,,1.4685,1.074,,,1.513,1.081,,,1.4545,1.094,,,1.4045,1.08,,,2.08E+10,4.16E+09,58629440,2.37E+08,3.39E+09,4.74E+08
31,65.515601,-39.501039,177,65.627745,-39.683,894.19,45.13,1020.728,279.715,259.8358,579.2424,152.8403,177.0871,588.077454,157.2059,178.9951,,33.67,98.27,4.005,7.173,19.644,19.644,0.807,7.223,19.676,19.676,0.808,7.171,19.768,19.768,0.809,7.177,19.478,19.478,0.8,7.006,19.653,19.653,0.815,7.146,19.715,19.715,0.806,7.285,5.413,,,1.456,1.082,,,1.472,1.088,,,1.4685,1.074,,,1.513,1.081,,,1.4545,1.094,,,1.4045,1.08,,,2.08E+10,4.16E+09,58629440,2.37E+08,3.39E+09,4.74E+08
32,65.0185,-40.516111,181,65.205429,-40.7128,352.07,24.26,701.782,251.8142,215.5,700.8602,304.3634,206.4772,701.782043,298.5344,213.4569,244,33.67,21.06,0.766,7.173,4.209,4.209,0.154,7.223,4.216,4.216,0.155,7.171,4.217,4.217,0.156,7.177,4.192,4.192,0.153,7.006,4.296,4.296,0.157,7.146,4.16,4.16,0.152,7.285,21.055,21.055,0.766,1.456,4.209,4.209,0.154,1.472,4.216,4.216,0.155,1.4685,4.217,4.217,0.156,1.513,4.192,4.192,0.153,1.4545,4.296,4.296,0.157,1.4045,4.16,4.16,0.152,7.10E+09,1.42E+09,22935402,71339433,1.15E+09,1.75E+08
33,64.798479,-40.691185,184,64.86218,-41.0696,979.17,68.41,689.7011,140.4354,183.9189,437.0672,50.88505,84.42376,437.212708,51.70832,86.99564,254_257_258,33.67,143.26,5.236,7.173,28.637,28.637,1.053,7.223,28.783,28.783,1.057,7.171,28.98,28.98,1.069,7.177,28.577,28.577,1.041,7.006,28.836,28.836,1.064,7.146,28.393,28.393,1.046,7.236,2.221,2.221,0.531,1.446,0.444,0.444,0.107,1.427,0.446,0.446,0.107,1.457,0.451,0.451,0.108,1.372,0.453,0.453,0.109,1.406,0.439,0.439,0.106,1.254,0.436,0.436,0.104,3.56E+10,7.12E+09,40755121,2.60E+08,5.85E+09,9.71E+08
33,64.798479,-40.691185,185,64.741727,-40.8287,979.17,68.41,689.7011,140.4354,183.9189,437.0672,50.88505,84.42376,437.212708,51.70832,86.99564,259_260,33.67,143.26,5.236,7.173,28.637,28.637,1.053,7.223,28.783,28.783,1.057,7.171,28.98,28.98,1.069,7.177,28.577,28.577,1.041,7.006,28.836,28.836,1.064,7.146,28.393,28.393,1.046,7.285,4.249,4.249,1.632,1.456,0.849,0.849,0.329,1.472,0.852,0.852,0.33,1.4685,0.847,0.847,0.327,1.513,0.839,0.839,0.326,1.4545,0.878,0.878,0.34,1.4045,0.832,0.832,0.321,3.56E+10,7.12E+09,40755121,2.60E+08,5.85E+09,9.71E+08
33,64.798479,-40.691185,186,64.499365,-40.6762,979.17,68.41,689.7011,140.4354,183.9189,437.0672,50.88505,84.42376,437.212708,51.70832,86.99564,264_266,33.14,143.26,5.236,7.173,28.637,28.637,1.053,7.223,28.783,28.783,1.057,7.171,28.98,28.98,1.069,7.177,28.577,28.577,1.041,7.006,28.836,28.836,1.064,7.146,28.393,28.393,1.046,7.334,16.232,16.232,1.096,1.466,3.245,3.245,0.222,1.517,3.329,3.329,0.228,1.48,3.386,3.386,0.234,1.654,3.163,3.163,0.215,1.503,3.271,3.271,0.221,1.555,3.279,3.279,0.226,3.56E+10,7.12E+09,40755121,2.60E+08,5.85E+09,9.71E+08
33,64.798479,-40.691185,183,64.996165,-41.2188,979.17,68.41,689.7011,140.4354,183.9189,437.0672,50.88505,84.42376,437.212708,51.70832,86.99564,246_251_252,32.61,143.26,5.236,7.173,28.637,28.637,1.053,7.223,28.783,28.783,1.057,7.171,28.98,28.98,1.069,7.177,28.577,28.577,1.041,7.006,28.836,28.836,1.064,7.146,28.393,28.393,1.046,7.285,40.699,40.699,2.531,1.456,8.135,8.135,0.509,1.472,8.159,8.159,0.511,1.4685,8.192,8.192,0.516,1.513,8.073,8.073,0.499,1.4545,8.169,8.169,0.511,1.4045,8.135,8.135,0.516,3.56E+10,7.12E+09,40755121,2.60E+08,5.85E+09,9.71E+08
33,64.798479,-40.691185,182,65.176621,-41.1694,979.17,68.41,689.7011,140.4354,183.9189,437.0672,50.88505,84.42376,437.212708,51.70832,86.99564,245,32.61,143.26,5.236,6.952,28.637,28.637,1.053,6.9705,28.783,28.783,1.057,6.981,28.98,28.98,1.069,7.096,28.577,28.577,1.041,6.7965,28.836,28.836,1.064,6.828,28.393,28.393,1.046,7.236,79.858,79.858,4.084,1.446,15.964,15.964,0.824,1.427,15.997,15.997,0.827,1.457,16.104,16.104,0.838,1.372,16.049,16.049,0.819,1.406,16.079,16.079,0.833,1.254,15.711,15.711,0.815,3.56E+10,7.12E+09,40755121,2.60E+08,5.85E+09,9.71E+08
34,64.303225,-40.640562,,,,239.16,19.35,807.013,150.9553,201.6323,614.0173,218.5158,180.8433,701.389526,216.4958,176.343,,32.61,32.61,,6.731,6.1025,,,6.718,6.22,,,6.791,6.366,,,7.015,6.1785,,,6.587,5.9795,,,6.51,6.0615,,,6.472,5.413,,,1.2935,1.082,,,1.2885,1.088,,,1.31,1.074,,,1.2555,1.081,,,1.2685,1.094,,,1.2,1.08,,,4.00E+09,8.00E+08,15213308,36773088,6.14E+08,1.34E+08
35,64.21798,-41.145534,211,64.163521,-41.5453,546.99,13.33,853.1197,266.3826,241.297,559.7355,212.4287,200.9592,678.671387,218.3887,208.9348,277_281,32.61,47.7,3.265,6.731,9.535,9.535,0.658,6.718,9.561,9.561,0.66,6.791,9.547,9.547,0.657,7.015,9.453,9.453,0.648,6.587,9.63,9.63,0.666,6.51,9.524,9.524,0.663,6.472,1.789,1.789,0.352,1.2935,0.358,0.358,0.071,1.2885,0.36,0.36,0.072,1.31,0.352,0.352,0.068,1.2555,0.36,0.36,0.072,1.2685,0.373,0.373,0.074,1.2,0.348,0.348,0.07,2.20E+10,4.40E+09,23922091,1.84E+08,3.70E+09,4.96E+08
35,64.21798,-41.145534,188,64.239528,-41.5979,546.99,13.33,853.1197,266.3826,241.297,559.7355,212.4287,200.9592,678.671387,218.3887,208.9348,276,32.61,47.7,3.265,6.731,9.535,9.535,0.658,6.718,9.561,9.561,0.66,6.791,9.547,9.547,0.657,7.015,9.453,9.453,0.648,6.587,9.63,9.63,0.666,6.51,9.524,9.524,0.663,7.236,22.238,22.238,1.678,1.446,4.445,4.445,0.339,1.427,4.441,4.441,0.338,1.457,4.505,4.505,0.347,1.372,4.387,4.387,0.331,1.406,4.484,4.484,0.342,1.254,4.386,4.386,0.333,2.20E+10,4.40E+09,23922091,1.84E+08,3.70E+09,4.96E+08
35,64.21798,-41.145534,187,64.338928,-41.5169,546.99,13.33,853.1197,266.3826,241.297,559.7355,212.4287,200.9592,678.671387,218.3887,208.9348,272_274,32.61,47.7,3.265,6.731,9.535,9.535,0.658,6.718,9.561,9.561,0.66,6.791,9.547,9.547,0.657,7.015,9.453,9.453,0.648,6.587,9.63,9.63,0.666,6.51,9.524,9.524,0.663,6.472,23.674,23.674,2.773,1.2935,4.732,4.732,0.559,1.2885,4.76,4.76,0.563,1.31,4.69,4.69,0.554,1.2555,4.706,4.706,0.552,1.2685,4.773,4.773,0.567,1.2,4.79,4.79,0.568,2.20E+10,4.40E+09,23922091,1.84E+08,3.70E+09,4.96E+08
36,63.734907,-41.238593,191,63.704207,-41.6516,361.04,6.01,883.7731,422.0468,315.4055,719.6508,233.7506,258.9866,749.15741,183.337,241.3547,299,27.8,37.49,3.316,5.664,7.494,7.494,0.674,5.663,7.594,7.594,0.694,5.6905,7.502,7.502,0.681,5.7995,7.383,7.383,0.641,5.622,7.563,7.563,0.687,5.543,7.635,7.635,0.706,5.708,4.705,4.705,1.007,1.141,0.941,0.941,0.205,1.15,0.951,0.951,0.207,1.163,0.924,0.924,0.201,1.139,0.911,0.911,0.199,1.131,0.95,0.95,0.209,1.146,0.988,0.988,0.214,2.15E+10,4.29E+09,55760734,1.03E+08,3.68E+09,4.56E+08
36,63.734907,-41.238593,189,63.890269,-41.4507,361.04,6.01,883.7731,422.0468,315.4055,719.6508,233.7506,258.9866,749.15741,183.337,241.3547,286_287,23,37.49,3.316,4.597,7.494,7.494,0.674,4.608,7.594,7.594,0.694,4.59,7.502,7.502,0.681,4.584,7.383,7.383,0.641,4.657,7.563,7.563,0.687,4.576,7.635,7.635,0.706,6.472,7.334,7.334,2.423,1.2935,1.466,1.466,0.502,1.2885,1.517,1.517,0.525,1.31,1.48,1.48,0.512,1.2555,1.372,1.372,0.46,1.2685,1.503,1.503,0.516,1.2,1.555,1.555,0.538,2.15E+10,4.29E+09,55760734,1.03E+08,3.68E+09,4.56E+08
36,63.734907,-41.238593,190,63.847162,-41.722,361.04,6.01,883.7731,422.0468,315.4055,719.6508,233.7506,258.9866,749.15741,183.337,241.3547,290_292,23,37.49,3.316,4.597,7.494,7.494,0.674,4.608,7.594,7.594,0.694,4.59,7.502,7.502,0.681,4.584,7.383,7.383,0.641,4.657,7.563,7.563,0.687,4.576,7.635,7.635,0.706,5.708,25.45,25.45,1.991,1.141,5.087,5.087,0.401,1.15,5.126,5.126,0.404,1.163,5.098,5.098,0.402,1.139,5.1,5.1,0.4,1.131,5.109,5.109,0.403,1.146,5.092,5.092,0.404,2.15E+10,4.29E+09,55760734,1.03E+08,3.68E+09,4.56E+08
37,63.360898,-41.286411,,,,792.96,51.06,727.4229,88.91032,156.3053,635.0618,81.72353,108.3082,635.061768,83.96666,108.6664,,23,23,,4.597,6.1025,,,4.608,6.22,,,4.59,6.366,,,4.584,6.1785,,,4.657,5.9795,,,4.576,6.0615,,,5.634,5.413,,,1.1265,1.082,,,1.135,1.088,,,1.144,1.074,,,1.118,1.081,,,1.1165,1.094,,,1.1425,1.08,,,1.42E+10,2.85E+09,1.49E+08,1.52E+08,2.11E+09,4.31E+08
38,63.129478,-41.703127,192,63.232655,-41.8437,121.03,5.28,702.2497,302.5787,207.5131,691.0363,391.4554,235.8799,699.384583,362.5191,245.023,302,23,8.35,0.718,4.597,1.668,1.668,0.145,4.608,1.666,1.666,0.145,4.59,1.706,1.706,0.148,4.584,1.668,1.668,0.144,4.657,1.66,1.66,0.144,4.576,1.648,1.648,0.144,5.634,8.347,8.347,0.718,1.1265,1.668,1.668,0.145,1.135,1.666,1.666,0.145,1.144,1.706,1.706,0.148,1.118,1.668,1.668,0.144,1.1165,1.66,1.66,0.144,1.1425,1.648,1.648,0.144,2.39E+09,4.78E+08,36075539,29639981,3.26E+08,85341590
39,63.064737,-41.93823,193,63.22039,-42.1868,236.39,5.13,814.1298,359.2412,273.0621,701.864,311.5355,252.3646,733.900574,360.0322,246.586,303,23,8.54,0.406,4.597,1.707,1.707,0.082,4.608,1.705,1.705,0.082,4.59,1.727,1.727,0.083,4.584,1.799,1.799,0.086,4.657,1.666,1.666,0.08,4.576,1.634,1.634,0.078,5.56,8.539,8.539,0.406,1.112,1.707,1.707,0.082,1.12,1.705,1.705,0.082,1.125,1.727,1.727,0.083,1.097,1.799,1.799,0.086,1.102,1.666,1.666,0.08,1.139,1.634,1.634,0.078,1.05E+10,2.10E+09,68214592,85414711,1.68E+09,2.64E+08
40,62.67783,-42.33777,194,62.862131,-42.6076,1079.02,69.53,856.6514,188.1676,265.9477,829.4103,103.3019,169.0041,831.808838,122.1816,175.9476,304,23,33.67,2.224,4.597,6.731,6.731,0.448,4.608,6.718,6.718,0.447,4.59,6.791,6.791,0.452,4.584,7.015,7.015,0.46,4.657,6.587,6.587,0.436,4.576,6.51,6.51,0.443,5.4865,7.236,7.236,0.554,1.097,1.446,1.446,0.113,1.104,1.427,1.427,0.111,1.0995,1.457,1.457,0.112,1.089,1.654,1.654,0.128,1.098,1.406,1.406,0.11,1.1095,1.254,1.254,0.097,2.88E+10,5.76E+09,1.86E+08,3.30E+08,4.50E+09,7.43E+08
40,62.67783,-42.33777,195,62.756513,-43.2352,1079.02,69.53,856.6514,188.1676,265.9477,829.4103,103.3019,169.0041,831.808838,122.1816,175.9476,305_306,23,33.67,2.224,4.597,6.731,6.731,0.448,4.608,6.718,6.718,0.447,4.59,6.791,6.791,0.452,4.584,7.015,7.015,0.46,4.657,6.587,6.587,0.436,4.576,6.51,6.51,0.443,5.413,26.436,26.436,2.151,1.082,5.284,5.284,0.433,1.088,5.291,5.291,0.433,1.074,5.335,5.335,0.438,1.081,5.361,5.361,0.442,1.094,5.182,5.182,0.422,1.08,5.256,5.256,0.432,2.88E+10,5.76E+09,1.86E+08,3.30E+08,4.50E+09,7.43E+08
41,62.411223,-42.665366,212,62.304988,-42.5379,313.11,9.03,839.6799,379.4886,265.7528,839.6799,362.8088,312.5165,839.679932,362.695,305.9611,314,23,36.15,2.031,4.597,7.226,7.226,0.409,4.608,7.268,7.268,0.411,4.59,7.171,7.171,0.403,4.584,7.177,7.177,0.406,4.657,7.353,7.353,0.419,4.576,7.266,7.266,0.411,4.634,2.642,2.642,0.27,0.9265,0.528,0.528,0.055,0.9295,0.53,0.53,0.055,0.9405,0.522,0.522,0.054,0.9175,0.536,0.536,0.055,0.915,0.546,0.546,0.056,0.934,0.514,0.514,0.053,1.70E+10,3.40E+09,46280479,96088362,2.85E+09,4.15E+08
41,62.411223,-42.665366,318,62.490453,-43.0841,313.11,9.03,839.6799,379.4886,265.7528,839.6799,362.8088,312.5165,839.679932,362.695,305.9611,309,23,36.15,2.031,4.597,7.226,7.226,0.409,4.608,7.268,7.268,0.411,4.59,7.171,7.171,0.403,4.584,7.177,7.177,0.406,4.657,7.353,7.353,0.419,4.576,7.266,7.266,0.411,5.413,5.56,5.56,0.196,1.082,1.112,1.112,0.04,1.088,1.12,1.12,0.04,1.074,1.125,1.125,0.041,1.081,1.097,1.097,0.04,1.094,1.094,1.094,0.039,1.08,1.139,1.139,0.041,1.70E+10,3.40E+09,46280479,96088362,2.85E+09,4.15E+08
41,62.411223,-42.665366,319,62.404209,-43.0205,313.11,9.03,839.6799,379.4886,265.7528,839.6799,362.8088,312.5165,839.679932,362.695,305.9611,310,23,36.15,2.031,4.597,7.226,7.226,0.409,4.608,7.268,7.268,0.411,4.59,7.171,7.171,0.403,4.584,7.177,7.177,0.406,4.657,7.353,7.353,0.419,4.576,7.266,7.266,0.411,4.634,13.089,13.089,1.567,0.9265,2.616,2.616,0.316,0.9295,2.635,2.635,0.317,0.9405,2.619,2.619,0.315,0.9175,2.583,2.583,0.313,0.919,2.646,2.646,0.32,0.934,2.646,2.646,0.318,1.70E+10,3.40E+09,46280479,96088362,2.85E+09,4.15E+08
41,62.411223,-42.665366,317,62.558493,-43.1099,313.11,9.03,839.6799,379.4886,265.7528,839.6799,362.8088,312.5165,839.679932,362.695,305.9611,308,16.37,36.15,2.031,3.271,7.226,7.226,0.409,3.2825,7.268,7.268,0.411,3.2755,7.171,7.171,0.403,3.261,7.177,7.177,0.406,3.289,7.353,7.353,0.419,3.2775,7.266,7.266,0.411,3.855,14.857,14.857,1.237,0.771,2.97,2.97,0.251,0.771,2.983,2.983,0.252,0.807,2.905,2.905,0.243,0.754,2.962,2.962,0.249,0.736,3.067,3.067,0.261,0.788,2.967,2.967,0.251,1.70E+10,3.40E+09,46280479,96088362,2.85E+09,4.15E+08
42,61.986871,-42.274535,213,61.915415,-42.587,312.48,29.64,730.8361,164.1244,207.2653,670.1231,134.2545,172.9207,767.151855,143.9273,177.0215,318_319,9.73,23,0.602,1.945,4.597,4.597,0.121,1.957,4.608,4.608,0.121,1.961,4.59,4.59,0.12,1.938,4.584,4.584,0.12,1.921,4.657,4.657,0.123,1.979,4.576,4.576,0.121,3.2905,5.413,5.413,0.134,0.658,1.082,1.082,0.027,0.6605,1.088,1.088,0.027,0.686,1.074,1.074,0.027,0.6545,1.081,1.081,0.027,0.6295,1.102,1.102,0.028,0.6655,1.08,1.08,0.027,1.56E+10,3.13E+09,21101158,96419748,2.59E+09,4.20E+08
42,61.986871,-42.274535,196,62.067398,-42.4644,312.48,29.64,730.8361,164.1244,207.2653,670.1231,134.2545,172.9207,767.151855,143.9273,177.0215,316,7.72,23,0.602,1.543,4.597,4.597,0.121,1.5535,4.608,4.608,0.121,1.562,4.59,4.59,0.12,1.5385,4.584,4.584,0.12,1.526,4.657,4.657,0.123,1.5625,4.576,4.576,0.121,2.726,17.586,17.586,0.586,0.545,3.515,3.515,0.118,0.55,3.52,3.52,0.118,0.565,3.517,3.517,0.117,0.555,3.502,3.502,0.117,0.523,3.554,3.554,0.12,0.543,3.496,3.496,0.118,1.56E+10,3.13E+09,21101158,96419748,2.59E+09,4.20E+08
42,61.986871,-42.274535,804,62.036991,-42.5909,312.48,29.64,730.8361,164.1244,207.2653,670.1231,134.2545,172.9207,767.151855,143.9273,177.0215,,5.71,23,0.602,1.141,4.597,4.597,0.121,1.15,4.608,4.608,0.121,1.163,4.59,4.59,0.12,1.139,4.584,4.584,0.12,1.131,4.657,4.657,0.123,1.146,4.576,4.576,0.121,2.5175,5.413,,,0.5035,1.082,,,0.5065,1.088,,,0.5215,1.074,,,0.528,1.081,,,0.488,1.094,,,0.481,1.08,,,1.56E+10,3.13E+09,21101158,96419748,2.59E+09,4.20E+08
43,61.743006,-42.477922,197,61.742542,-42.8953,182.46,13.14,451.5694,187.3337,149.9965,451.5694,133.8209,145.8347,451.569366,154.8654,142.4337,323,4.72,3.74,0.356,0.988,0.835,0.835,0.08,0.992,0.834,0.834,0.08,1.0105,0.858,0.858,0.082,0.9685,0.798,0.798,0.077,0.968,0.805,0.805,0.078,1.0005,0.855,0.855,0.082,2.5175,0.114,0.114,0.038,0.5035,0.023,0.023,0.008,0.5065,0.023,0.023,0.008,0.5215,0.023,0.023,0.008,0.528,0.023,0.023,0.008,0.488,0.023,0.023,0.008,0.481,0.021,0.021,0.007,1.44E+10,2.87E+09,21564109,96148856,2.40E+09,3.57E+08
43,61.743006,-42.477922,198,61.686571,-42.6547,182.46,13.14,451.5694,187.3337,149.9965,451.5694,133.8209,145.8347,451.569366,154.8654,142.4337,324_325,5.71,3.74,0.356,1.141,0.835,0.835,0.08,1.15,0.834,0.834,0.08,1.163,0.858,0.858,0.082,1.139,0.798,0.798,0.077,1.131,0.805,0.805,0.078,1.146,0.855,0.855,0.082,2.726,0.208,0.208,0.058,0.545,0.045,0.045,0.013,0.55,0.046,0.046,0.013,0.565,0.048,0.048,0.013,0.555,0.048,0.048,0.014,0.523,0.043,0.043,0.012,0.543,0.046,0.046,0.013,1.44E+10,2.87E+09,21564109,96148856,2.40E+09,3.57E+08
43,61.743006,-42.477922,214,61.828658,-42.7876,182.46,13.14,451.5694,187.3337,149.9965,451.5694,133.8209,145.8347,451.569366,154.8654,142.4337,320_322,7.72,3.74,0.356,1.543,0.835,0.835,0.08,1.5535,0.834,0.834,0.08,1.562,0.858,0.858,0.082,1.5385,0.798,0.798,0.077,1.526,0.805,0.805,0.078,1.5625,0.855,0.855,0.082,3.2905,3.855,3.855,0.392,0.658,0.771,0.771,0.079,0.6605,0.771,0.771,0.079,0.686,0.807,0.807,0.082,0.6545,0.754,0.754,0.078,0.6295,0.736,0.736,0.076,0.6655,0.788,0.788,0.081,1.44E+10,2.87E+09,21564109,96148856,2.40E+09,3.57E+08
44,61.607921,-42.3074,,,,183.6,34.15,368.9673,27.60028,69.35485,391.6115,139.8152,123.3152,400.731354,147.4272,121.7904,,9.73,9.73,,1.945,6.1025,,,1.957,6.22,,,1.961,6.366,,,1.938,6.1785,,,1.921,5.9795,,,1.979,6.0615,,,2.726,5.413,,,0.545,1.082,,,0.55,1.088,,,0.565,1.074,,,0.555,1.081,,,0.523,1.094,,,0.543,1.08,,,6.93E+08,1.39E+08,8836061,10186591,94904606,24641444
45,61.516937,-42.677537,200,61.437973,-42.6635,216.66,13.7,741.2894,224.4507,205.8004,340.472,72.7794,107.9309,289.513184,58.89062,71.04436,332_333,9.73,32.61,2.821,1.945,7.173,7.173,0.626,1.957,7.223,7.223,0.63,1.961,7.54,7.54,0.657,1.938,7.366,7.366,0.643,1.921,7.006,7.006,0.611,1.979,7.146,7.146,0.626,2.726,0.335,0.335,0.089,0.545,0.075,0.075,0.02,0.55,0.076,0.076,0.02,0.565,0.075,0.075,0.02,0.555,0.074,0.074,0.019,0.523,0.076,0.076,0.02,0.543,0.074,0.074,0.02,1.92E+10,3.84E+09,24682145,1.14E+08,3.32E+09,3.87E+08
45,61.516937,-42.677537,320,61.507735,-42.9802,216.66,13.7,741.2894,224.4507,205.8004,340.472,72.7794,107.9309,289.513184,58.89062,71.04436,331,7.72,32.61,2.821,1.543,7.173,7.173,0.626,1.5535,7.223,7.223,0.63,1.562,7.54,7.54,0.657,1.5385,7.366,7.366,0.643,1.526,7.006,7.006,0.611,1.5625,7.146,7.146,0.626,4.217,2.726,2.726,1.053,0.843,0.545,0.545,0.212,0.85,0.55,0.55,0.214,0.864,0.565,0.565,0.22,0.847,0.555,0.555,0.215,0.827,0.523,0.523,0.204,0.8445,0.543,0.543,0.213,1.92E+10,3.84E+09,24682145,1.14E+08,3.32E+09,3.87E+08
45,61.516937,-42.677537,199,61.604818,-43.093,216.66,13.7,741.2894,224.4507,205.8004,340.472,72.7794,107.9309,289.513184,58.89062,71.04436,326_329,5.71,32.61,2.821,1.141,7.173,7.173,0.626,1.15,7.223,7.223,0.63,1.163,7.54,7.54,0.657,1.139,7.366,7.366,0.643,1.131,7.006,7.006,0.611,1.146,7.146,7.146,0.626,5.708,32.911,32.911,2.925,1.141,6.579,6.579,0.591,1.15,6.628,6.628,0.595,1.163,6.772,6.772,0.607,1.139,6.651,6.651,0.596,1.131,6.421,6.421,0.577,1.146,6.529,6.529,0.589,1.92E+10,3.84E+09,24682145,1.14E+08,3.32E+09,3.87E+08
46,61.288712,-42.81774,201,61.32576,-43.2674,163.55,11.58,690.0154,215.164,197.6959,678.4485,129.5229,173.1933,688.885803,128.3114,178.6079,336,4.01,5.71,0.95,0.8015,1.141,1.141,0.191,0.8065,1.15,1.15,0.193,0.8205,1.163,1.163,0.194,0.82,1.139,1.139,0.191,0.792,1.131,1.131,0.19,0.7825,1.146,1.146,0.192,4.0085,5.708,5.708,0.95,0.8015,1.141,1.141,0.191,0.8065,1.15,1.15,0.193,0.8205,1.163,1.163,0.194,0.82,1.139,1.139,0.191,0.792,1.131,1.131,0.19,0.7825,1.146,1.146,0.192,9.36E+09,1.87E+09,24403816,80566572,1.55E+09,2.19E+08
47,61.170373,-42.811189,215,61.206418,-43.2303,133.2,9.78,678.8816,193.9208,129.392,496.1962,174.1093,119.4063,573.080505,166.4396,125.4642,341,2.31,9.73,0.512,0.462,1.945,1.945,0.103,0.463,1.957,1.957,0.104,0.478,1.961,1.961,0.104,0.501,1.938,1.938,0.103,0.453,1.921,1.921,0.102,0.419,1.979,1.979,0.106,2.309,9.732,9.732,0.512,0.462,1.945,1.945,0.103,0.463,1.957,1.957,0.104,0.478,1.961,1.961,0.104,0.501,1.938,1.938,0.103,0.453,1.921,1.921,0.102,0.419,1.979,1.979,0.106,5.38E+09,1.08E+09,15087254,33279366,9.18E+08,1.10E+08
48,61.088773,-43.016126,,,,184.38,7.86,708.9353,269.4031,206.7285,584.0905,176.3007,186.2023,584.090515,174.9682,173.6518,,1.51,1.51,,0.301,6.1025,,,0.302,6.22,,,0.3085,6.366,,,0.3205,6.1785,,,0.2955,5.9795,,,0.282,6.0615,,,1.506,5.413,,,0.301,1.082,,,0.302,1.088,,,0.3085,1.074,,,0.3205,1.081,,,0.2955,1.094,,,0.282,1.08,,,8.09E+09,1.62E+09,31990515,54782918,1.33E+09,2.01E+08
49,60.881241,-43.042911,202,60.922326,-43.4848,148.9,10.57,799.8309,286.4688,262.8885,795.4058,101.4916,214.2259,799.830933,102.5697,201.7482,349,1.51,2.31,0.483,0.301,0.462,0.462,0.098,0.302,0.463,0.463,0.098,0.3085,0.478,0.478,0.101,0.3205,0.501,0.501,0.106,0.2955,0.453,0.453,0.097,0.282,0.419,0.419,0.089,1.506,2.309,2.309,0.483,0.301,0.462,0.462,0.098,0.302,0.463,0.463,0.098,0.3085,0.478,0.478,0.101,0.3205,0.501,0.501,0.106,0.2955,0.453,0.453,0.097,0.282,0.419,0.419,0.089,1.02E+10,2.03E+09,31591789,76771258,1.65E+09,2.69E+08
50,60.792281,-43.107583,805,60.845802,-43.5994,123.39,8.11,654.6849,240.5552,154.2187,654.6849,214.5587,186.4497,654.684937,204.807,169.8037,350,0.7,0.7,0.045,0.14,0.14,0.14,0.009,0.141,0.141,0.141,0.009,0.139,0.139,0.139,0.009,0.14,0.14,0.14,0.009,0.138,0.138,0.138,0.009,0.145,0.145,0.145,0.009,0.703,0.703,0.703,0.045,0.14,0.14,0.14,0.009,0.141,0.141,0.141,0.009,0.139,0.139,0.139,0.009,0.14,0.14,0.14,0.009,0.138,0.138,0.138,0.009,0.145,0.145,0.145,0.009,7.89E+09,1.58E+09,18153161,49075972,1.30E+09,2.15E+08
51,60.5871,-43.025529,,,,162.87,33.32,55.73267,2.190294,7.018761,172.8468,34.17798,36.23276,396.011414,59.06657,63.7421,,#NUM!,,,#NUM!,6.1025,,,#NUM!,6.22,,,,,,,,,,,,,,,,,,,,,,,,,,,,,,,,,,,,,,,,,,,,,,,5.79E+09,1.16E+09,41055434,53657614,8.87E+08,1.77E+08
52,60.486061,-43.533833,,,,419.78,19.94,914.0971,251.7942,254.3213,581.0425,161.9742,186.3128,618.827332,160.9898,185.8711,,#NUM!,,,#NUM!,6.1025,,,#NUM!,6.22,,,,,,,,,,,,,,,,,,,,,,,,,,,,,,,,,,,,,,,,,,,,,,,2.08E+10,4.16E+09,86569184,1.34E+08,3.34E+09,5.92E+08